customer_id,timestamp,event_type,detail
C0001,2026-09-14 20:00,search,"searched ""change address"""
C0005,2026-09-14 20:00,search,"searched ""pension simulation"""
C0014,2026-09-09 11:00,search,"searched ""self-employed bank account"""
C0015,2026-09-11 17:00,search,"searched ""pension simulation"""
C0017,2026-09-09 12:00,search,"searched ""change address"""
C0018,2026-09-12 16:00,search,"searched ""change employer details"""
C0046,2026-09-08 18:00,search,"searched ""self-employed bank account"""
C0049,2026-09-12 16:00,search,"searched ""change address"""
C0051,2026-09-08 14:00,search,"searched ""pension simulation"""
C0054,2026-09-10 20:00,search,"searched ""self-employed bank account"""
C0059,2026-09-08 10:00,search,"searched ""change employer details"""
C0073,2026-09-14 12:00,search,"searched ""change address"""
C0081,2026-09-11 14:00,search,"searched ""change employer details"""
C0083,2026-09-10 17:00,search,"searched ""change address"""
C0103,2026-09-12 18:00,search,"searched ""pension simulation"""
C0112,2026-09-13 18:00,search,"searched ""pension simulation"""
C0113,2026-09-09 12:00,search,"searched ""change address"""
C0114,2026-09-13 09:00,search,"searched ""maternity leave"""
C0116,2026-09-10 17:00,search,"searched ""change employer details"""
C0121,2026-09-12 14:00,search,"searched ""maternity leave"""
C0127,2026-09-09 08:00,search,"searched ""maternity leave"""
C0137,2026-09-10 20:00,search,"searched ""pension simulation"""
C0142,2026-09-14 11:00,search,"searched ""pension simulation"""
C0144,2026-09-12 08:00,search,"searched ""change address"""
C0174,2026-09-09 16:00,search,"searched ""self-employed bank account"""
C0176,2026-09-07 10:00,search,"searched ""change employer details"""
C0178,2026-09-09 19:00,search,"searched ""change employer details"""
C0185,2026-09-15 11:00,search,"searched ""change address"""
C0196,2026-09-11 15:00,search,"searched ""pension simulation"""
C0216,2026-09-08 13:00,search,"searched ""change employer details"""
C0218,2026-09-13 18:00,search,"searched ""pension simulation"""
C0231,2026-09-08 12:00,search,"searched ""pension simulation"""
C0260,2026-09-13 18:00,search,"searched ""change address"""
C0281,2026-09-10 11:00,search,"searched ""pension simulation"""
C0289,2026-09-09 17:00,search,"searched ""pension simulation"""
C0303,2026-09-13 13:00,search,"searched ""change employer details"""
C0304,2026-09-11 12:00,search,"searched ""self-employed bank account"""
C0310,2026-09-13 21:00,search,"searched ""change address"""
C0311,2026-09-09 18:00,search,"searched ""change employer details"""
C0329,2026-09-10 16:00,search,"searched ""change address"""
C0334,2026-09-09 11:00,search,"searched ""self-employed bank account"""
C0348,2026-09-09 13:00,search,"searched ""change employer details"""
C0359,2026-09-11 15:00,search,"searched ""maternity leave"""
C0361,2026-09-07 20:00,search,"searched ""pension simulation"""
C0368,2026-09-11 11:00,search,"searched ""self-employed bank account"""
C0379,2026-09-13 10:00,search,"searched ""maternity leave"""
C0381,2026-09-14 11:00,search,"searched ""pension simulation"""
C0390,2026-09-10 08:00,search,"searched ""maternity leave"""
C0392,2026-09-14 09:00,search,"searched ""change employer details"""
