id,name,age,city,income_band,products_held
C0001,Sophie Van Damme,29,Gent,mid,"[""Current Account"", ""Savings Account"", ""Home Insurance""]"
C0002,Liam Michiels,55,Leuven,high,"[""Investment Account"", ""Home Insurance"", ""Pension Savings"", ""Current Account""]"
C0003,Emma De Clercq,55,Gent,mid,"[""Savings Account"", ""Car Insurance"", ""Personal Loan""]"
C0004,Anke Van Damme,39,Hasselt,low,"[""Home Insurance"", ""Car Insurance"", ""Mortgage"", ""Investment Account""]"
C0005,Marie Janssens,65,Mechelen,low,"[""Investment Account"", ""Pension Savings"", ""Current Account"", ""Home Insurance""]"
C0006,Amber Mertens,31,Antwerpen,high,"[""Current Account"", ""Mortgage"", ""Credit Card""]"
C0007,Emma Maes,46,Sint-Truiden,mid,"[""Personal Loan"", ""Pension Savings"", ""Credit Card""]"
C0008,Anke Janssens,36,Hasselt,mid,"[""Credit Card"", ""Car Insurance""]"
C0009,Noah Goossens,63,Mechelen,low,"[""Mortgage"", ""Investment Account"", ""Pension Savings"", ""Home Insurance""]"
C0010,Lars Janssens,36,Leuven,high,"[""Credit Card"", ""Savings Account"", ""Current Account"", ""Investment Account""]"
C0011,Elise Van Damme,66,Hasselt,mid,"[""Savings Account"", ""Investment Account""]"
C0012,Stijn De Clercq,59,Sint-Truiden,low,"[""Investment Account"", ""Home Insurance"", ""Savings Account""]"
C0013,Milan Claes,70,Gent,low,"[""Pension Savings"", ""Savings Account""]"
C0014,Milan Janssens,55,Sint-Truiden,mid,"[""Current Account"", ""Mortgage"", ""Car Insurance"", ""Home Insurance""]"
C0015,Arne Peeters,23,Mechelen,high,"[""Car Insurance"", ""Personal Loan"", ""Savings Account"", ""Investment Account""]"
C0016,Lars Maes,38,Kortrijk,low,"[""Investment Account"", ""Pension Savings"", ""Savings Account""]"
C0017,Tom Claes,21,Leuven,low,"[""Mortgage"", ""Pension Savings"", ""Current Account"", ""Credit Card""]"
C0018,Milan Wouters,38,Brugge,low,"[""Personal Loan"", ""Investment Account""]"
C0019,Julie Van Damme,34,Diest,mid,"[""Home Insurance"", ""Investment Account""]"
C0020,Bram Verhoeven,40,Mechelen,low,"[""Credit Card"", ""Car Insurance"", ""Current Account""]"
C0021,Lars Jacobs,57,Sint-Truiden,high,"[""Car Insurance"", ""Personal Loan"", ""Current Account"", ""Savings Account""]"
C0022,Anke Mertens,52,Sint-Truiden,mid,"[""Car Insurance"", ""Credit Card"", ""Savings Account""]"
C0023,Nora Maes,44,Sint-Truiden,mid,"[""Personal Loan"", ""Mortgage"", ""Home Insurance"", ""Investment Account""]"
C0024,Nora Hermans,60,Diest,low,"[""Investment Account"", ""Home Insurance"", ""Current Account"", ""Mortgage""]"
C0025,Arne Hermans,36,Antwerpen,high,"[""Savings Account"", ""Mortgage""]"
C0026,Noah Willems,26,Brugge,low,"[""Personal Loan"", ""Pension Savings""]"
C0027,Femke Claes,66,Mechelen,mid,"[""Investment Account"", ""Mortgage""]"
C0028,Julie Michiels,53,Sint-Truiden,low,"[""Credit Card"", ""Home Insurance""]"
C0029,Lotte Van Damme,27,Hasselt,low,"[""Personal Loan"", ""Savings Account""]"
C0030,Noah De Smet,31,Gent,high,"[""Car Insurance"", ""Investment Account"", ""Pension Savings"", ""Current Account""]"
C0031,Olivia De Smet,35,Hasselt,mid,"[""Mortgage"", ""Savings Account"", ""Credit Card""]"
C0032,Bram Verhoeven,35,Genk,mid,"[""Home Insurance"", ""Car Insurance"", ""Credit Card"", ""Investment Account""]"
C0033,Marie Jacobs,43,Leuven,mid,"[""Car Insurance"", ""Personal Loan"", ""Investment Account""]"
C0034,Marie Jacobs,56,Kortrijk,mid,"[""Investment Account"", ""Mortgage"", ""Savings Account"", ""Car Insurance""]"
C0035,Marie Verhoeven,50,Diest,low,"[""Personal Loan"", ""Current Account"", ""Pension Savings"", ""Credit Card""]"
C0036,Stijn Pauwels,26,Hasselt,mid,"[""Home Insurance"", ""Pension Savings""]"
C0037,Olivia Aerts,51,Hasselt,high,"[""Home Insurance"", ""Credit Card""]"
C0038,Stijn Aerts,69,Mechelen,mid,"[""Pension Savings"", ""Home Insurance"", ""Credit Card""]"
C0039,Amber Janssens,30,Antwerpen,mid,"[""Car Insurance"", ""Home Insurance"", ""Investment Account"", ""Mortgage""]"
C0040,Milan Maes,30,Diest,mid,"[""Savings Account"", ""Pension Savings"", ""Current Account"", ""Investment Account""]"
C0041,Amber Claes,32,Leuven,low,"[""Car Insurance"", ""Home Insurance""]"
C0042,Ruben Willems,58,Kortrijk,low,"[""Mortgage"", ""Current Account"", ""Credit Card"", ""Personal Loan""]"
C0043,Arne Goossens,21,Mechelen,high,"[""Current Account"", ""Mortgage"", ""Savings Account"", ""Personal Loan""]"
C0044,Bram Vermeulen,30,Hasselt,high,"[""Credit Card"", ""Mortgage""]"
C0045,Stijn Michiels,54,Brugge,low,"[""Mortgage"", ""Current Account""]"
C0046,Stijn Willems,54,Diest,mid,"[""Home Insurance"", ""Mortgage""]"
C0047,Amber Aerts,43,Kortrijk,mid,"[""Savings Account"", ""Credit Card"", ""Mortgage""]"
C0048,Jonas Wouters,37,Antwerpen,high,"[""Car Insurance"", ""Credit Card"", ""Investment Account""]"
C0049,Stijn Janssens,56,Gent,low,"[""Personal Loan"", ""Pension Savings"", ""Credit Card"", ""Investment Account""]"
C0050,Stijn Pauwels,53,Diest,high,"[""Pension Savings"", ""Mortgage""]"
C0051,Fien Maes,32,Diest,mid,"[""Car Insurance"", ""Personal Loan""]"
C0052,Sien Van Damme,42,Sint-Truiden,mid,"[""Investment Account"", ""Car Insurance"", ""Savings Account""]"
C0053,Lotte Janssens,61,Antwerpen,mid,"[""Car Insurance"", ""Investment Account""]"
C0054,Milan De Smet,53,Leuven,high,"[""Mortgage"", ""Pension Savings"", ""Credit Card""]"
C0055,Amber Peeters,50,Mechelen,mid,"[""Mortgage"", ""Investment Account"", ""Savings Account"", ""Personal Loan""]"
C0056,Liam Michiels,67,Kortrijk,high,"[""Personal Loan"", ""Pension Savings""]"
C0057,Lars Hermans,56,Brugge,high,"[""Pension Savings"", ""Credit Card"", ""Savings Account"", ""Mortgage""]"
C0058,Fien Peeters,39,Sint-Truiden,mid,"[""Car Insurance"", ""Mortgage"", ""Credit Card""]"
C0059,Julie Maes,53,Genk,low,"[""Home Insurance"", ""Pension Savings"", ""Savings Account"", ""Personal Loan""]"
C0060,Sien Wouters,62,Hasselt,high,"[""Credit Card"", ""Pension Savings"", ""Investment Account"", ""Savings Account""]"
C0061,Olivia Hermans,60,Leuven,low,"[""Credit Card"", ""Savings Account"", ""Pension Savings"", ""Current Account""]"
C0062,Tom Peeters,47,Genk,high,"[""Pension Savings"", ""Current Account""]"
C0063,Wout Janssens,48,Gent,mid,"[""Mortgage"", ""Savings Account"", ""Home Insurance""]"
C0064,Ruben Wouters,38,Brugge,low,"[""Car Insurance"", ""Investment Account"", ""Pension Savings"", ""Personal Loan""]"
C0065,Ruben Wouters,61,Hasselt,mid,"[""Investment Account"", ""Savings Account""]"
C0066,Julie Mertens,59,Hasselt,mid,"[""Car Insurance"", ""Investment Account"", ""Savings Account""]"
C0067,Sien Vermeulen,54,Brugge,mid,"[""Current Account"", ""Home Insurance""]"
C0068,Amber Willems,67,Leuven,low,"[""Personal Loan"", ""Car Insurance""]"
C0069,Milan Hermans,47,Brugge,low,"[""Investment Account"", ""Credit Card"", ""Personal Loan""]"
C0070,Julie Jacobs,28,Mechelen,high,"[""Credit Card"", ""Pension Savings""]"
C0071,Amber Van Damme,61,Kortrijk,low,"[""Pension Savings"", ""Investment Account""]"
C0072,Bram Aerts,48,Diest,mid,"[""Current Account"", ""Credit Card"", ""Personal Loan""]"
C0073,Stijn Pauwels,22,Mechelen,low,"[""Personal Loan"", ""Savings Account""]"
C0074,Jonas Verhoeven,49,Kortrijk,mid,"[""Current Account"", ""Car Insurance"", ""Investment Account""]"
C0075,Julie Jacobs,56,Diest,mid,"[""Savings Account"", ""Personal Loan"", ""Pension Savings""]"
C0076,Sien Pauwels,53,Genk,low,"[""Mortgage"", ""Pension Savings"", ""Car Insurance"", ""Home Insurance""]"
C0077,Jonas Maes,55,Kortrijk,mid,"[""Home Insurance"", ""Savings Account""]"
C0078,Noah De Clercq,34,Antwerpen,low,"[""Mortgage"", ""Car Insurance"", ""Investment Account""]"
C0079,Amber Janssens,28,Genk,low,"[""Investment Account"", ""Current Account"", ""Pension Savings""]"
C0080,Emma Vermeulen,26,Kortrijk,low,"[""Investment Account"", ""Home Insurance"", ""Savings Account"", ""Personal Loan""]"
C0081,Bram Van Damme,63,Antwerpen,low,"[""Pension Savings"", ""Credit Card""]"
C0082,Stijn Janssens,27,Hasselt,low,"[""Home Insurance"", ""Credit Card""]"
C0083,Julie Michiels,21,Diest,high,"[""Car Insurance"", ""Savings Account"", ""Personal Loan"", ""Investment Account""]"
C0084,Lars Michiels,31,Leuven,mid,"[""Home Insurance"", ""Credit Card""]"
C0085,Anke Aerts,24,Gent,low,"[""Investment Account"", ""Credit Card"", ""Car Insurance"", ""Personal Loan""]"
C0086,Elise Van Damme,50,Genk,mid,"[""Pension Savings"", ""Personal Loan"", ""Savings Account"", ""Car Insurance""]"
C0087,Sien Mertens,65,Gent,high,"[""Mortgage"", ""Investment Account"", ""Car Insurance"", ""Credit Card""]"
C0088,Arne Maes,31,Brugge,high,"[""Mortgage"", ""Home Insurance""]"
C0089,Ruben Mertens,65,Leuven,mid,"[""Mortgage"", ""Home Insurance""]"
C0090,Stijn Aerts,35,Mechelen,low,"[""Mortgage"", ""Personal Loan"", ""Credit Card""]"
C0091,Olivia Peeters,54,Sint-Truiden,low,"[""Mortgage"", ""Current Account"", ""Credit Card""]"
C0092,Fien Jacobs,53,Brugge,mid,"[""Home Insurance"", ""Car Insurance"", ""Investment Account"", ""Savings Account""]"
C0093,Tom Willems,48,Genk,high,"[""Mortgage"", ""Savings Account"", ""Credit Card""]"
C0094,Emma Hermans,38,Hasselt,mid,"[""Car Insurance"", ""Personal Loan"", ""Pension Savings"", ""Investment Account""]"
C0095,Dries Claes,59,Leuven,low,"[""Car Insurance"", ""Current Account"", ""Personal Loan""]"
C0096,Olivia Hermans,42,Genk,high,"[""Pension Savings"", ""Home Insurance""]"
C0097,Stijn Claes,45,Diest,mid,"[""Car Insurance"", ""Home Insurance""]"
C0098,Tom De Smet,63,Diest,mid,"[""Mortgage"", ""Pension Savings"", ""Investment Account""]"
C0099,Lars De Clercq,27,Genk,mid,"[""Credit Card"", ""Car Insurance"", ""Home Insurance"", ""Personal Loan""]"
C0100,Lars Jacobs,22,Mechelen,low,"[""Home Insurance"", ""Current Account"", ""Investment Account""]"
C0101,Noah Michiels,62,Kortrijk,mid,"[""Savings Account"", ""Pension Savings""]"
C0102,Ruben Willems,32,Hasselt,high,"[""Savings Account"", ""Current Account"", ""Personal Loan""]"
C0103,Fien Willems,39,Brugge,mid,"[""Savings Account"", ""Investment Account"", ""Current Account""]"
C0104,Lotte De Clercq,49,Antwerpen,low,"[""Pension Savings"", ""Personal Loan"", ""Credit Card"", ""Investment Account""]"
C0105,Stijn Hermans,52,Genk,mid,"[""Mortgage"", ""Car Insurance"", ""Credit Card""]"
C0106,Amber De Smet,51,Antwerpen,mid,"[""Pension Savings"", ""Car Insurance"", ""Credit Card""]"
C0107,Lars De Clercq,31,Hasselt,mid,"[""Savings Account"", ""Home Insurance"", ""Pension Savings""]"
C0108,Stijn Aerts,29,Brugge,low,"[""Pension Savings"", ""Car Insurance"", ""Credit Card"", ""Home Insurance""]"
C0109,Fien Michiels,66,Gent,low,"[""Savings Account"", ""Investment Account""]"
C0110,Anke Janssens,42,Kortrijk,high,"[""Mortgage"", ""Current Account"", ""Investment Account"", ""Savings Account""]"
C0111,Marie Janssens,57,Kortrijk,mid,"[""Pension Savings"", ""Current Account""]"
C0112,Fien Aerts,61,Brugge,mid,"[""Personal Loan"", ""Car Insurance"", ""Investment Account""]"
C0113,Elise De Clercq,49,Antwerpen,low,"[""Credit Card"", ""Current Account"", ""Car Insurance""]"
C0114,Noah Aerts,46,Brugge,mid,"[""Savings Account"", ""Home Insurance""]"
C0115,Nora Willems,22,Gent,high,"[""Car Insurance"", ""Current Account"", ""Personal Loan""]"
C0116,Dries Willems,29,Kortrijk,mid,"[""Personal Loan"", ""Savings Account""]"
C0117,Nora Vermeulen,57,Leuven,mid,"[""Car Insurance"", ""Current Account"", ""Personal Loan"", ""Pension Savings""]"
C0118,Bram Wouters,52,Sint-Truiden,mid,"[""Credit Card"", ""Mortgage"", ""Personal Loan""]"
C0119,Wout Hermans,30,Diest,mid,"[""Home Insurance"", ""Mortgage"", ""Personal Loan"", ""Current Account""]"
C0120,Anke Michiels,68,Antwerpen,mid,"[""Current Account"", ""Mortgage"", ""Investment Account"", ""Home Insurance""]"
C0121,Lars Wouters,64,Mechelen,high,"[""Car Insurance"", ""Home Insurance""]"
C0122,Sien Mertens,59,Sint-Truiden,low,"[""Personal Loan"", ""Pension Savings"", ""Mortgage""]"
C0123,Femke Goossens,63,Diest,mid,"[""Personal Loan"", ""Mortgage""]"
C0124,Stijn Van Damme,28,Diest,high,"[""Investment Account"", ""Pension Savings"", ""Credit Card""]"
C0125,Marie Aerts,23,Sint-Truiden,mid,"[""Home Insurance"", ""Savings Account"", ""Car Insurance""]"
C0126,Amber Janssens,55,Leuven,mid,"[""Car Insurance"", ""Current Account""]"
C0127,Ruben Claes,42,Gent,low,"[""Mortgage"", ""Credit Card"", ""Pension Savings"", ""Car Insurance""]"
C0128,Elise Wouters,49,Mechelen,low,"[""Savings Account"", ""Mortgage"", ""Pension Savings"", ""Car Insurance""]"
C0129,Julie Vermeulen,33,Diest,low,"[""Car Insurance"", ""Current Account"", ""Pension Savings""]"
C0130,Lars Mertens,39,Leuven,mid,"[""Savings Account"", ""Pension Savings"", ""Car Insurance"", ""Current Account""]"
C0131,Amber De Smet,24,Sint-Truiden,mid,"[""Investment Account"", ""Home Insurance"", ""Personal Loan"", ""Current Account""]"
C0132,Fien Jacobs,65,Hasselt,mid,"[""Credit Card"", ""Investment Account"", ""Personal Loan""]"
C0133,Amber Wouters,60,Diest,high,"[""Investment Account"", ""Home Insurance"", ""Car Insurance""]"
C0134,Marie Willems,52,Antwerpen,low,"[""Personal Loan"", ""Home Insurance"", ""Pension Savings"", ""Car Insurance""]"
C0135,Elise Verhoeven,27,Kortrijk,mid,"[""Personal Loan"", ""Car Insurance"", ""Current Account""]"
C0136,Milan Van Damme,40,Brugge,high,"[""Pension Savings"", ""Investment Account""]"
C0137,Arne Goossens,49,Antwerpen,high,"[""Current Account"", ""Car Insurance"", ""Personal Loan""]"
C0138,Arne De Clercq,40,Mechelen,mid,"[""Pension Savings"", ""Savings Account""]"
C0139,Lotte Willems,35,Leuven,mid,"[""Savings Account"", ""Current Account""]"
C0140,Ruben De Smet,43,Diest,mid,"[""Pension Savings"", ""Car Insurance""]"
C0141,Bram Janssens,64,Hasselt,high,"[""Pension Savings"", ""Personal Loan"", ""Home Insurance"", ""Savings Account""]"
C0142,Bram Willems,69,Mechelen,low,"[""Mortgage"", ""Personal Loan"", ""Car Insurance"", ""Investment Account""]"
C0143,Nora Aerts,25,Diest,low,"[""Car Insurance"", ""Savings Account""]"
C0144,Julie Aerts,46,Hasselt,mid,"[""Personal Loan"", ""Mortgage""]"
C0145,Amber Mertens,28,Gent,low,"[""Home Insurance"", ""Savings Account"", ""Credit Card""]"
C0146,Lars Mertens,38,Sint-Truiden,mid,"[""Car Insurance"", ""Savings Account"", ""Pension Savings"", ""Mortgage""]"
C0147,Dries Aerts,47,Sint-Truiden,low,"[""Current Account"", ""Investment Account""]"
C0148,Anke Claes,48,Mechelen,mid,"[""Investment Account"", ""Car Insurance""]"
C0149,Emma De Smet,29,Brugge,low,"[""Credit Card"", ""Investment Account"", ""Personal Loan""]"
C0150,Amber Vermeulen,50,Brugge,low,"[""Savings Account"", ""Car Insurance"", ""Investment Account"", ""Mortgage""]"
C0151,Arne Hermans,32,Mechelen,mid,"[""Current Account"", ""Home Insurance"", ""Savings Account""]"
C0152,Tom Michiels,47,Gent,mid,"[""Home Insurance"", ""Savings Account""]"
C0153,Fien Verhoeven,56,Mechelen,mid,"[""Personal Loan"", ""Investment Account"", ""Current Account"", ""Savings Account""]"
C0154,Nora Michiels,53,Gent,low,"[""Credit Card"", ""Savings Account""]"
C0155,Ruben Van Damme,52,Sint-Truiden,mid,"[""Credit Card"", ""Car Insurance"", ""Mortgage""]"
C0156,Stijn Vermeulen,64,Diest,high,"[""Car Insurance"", ""Personal Loan""]"
C0157,Lars Goossens,28,Leuven,low,"[""Credit Card"", ""Personal Loan"", ""Pension Savings""]"
C0158,Elise Peeters,26,Antwerpen,mid,"[""Pension Savings"", ""Car Insurance"", ""Personal Loan"", ""Current Account""]"
C0159,Jonas Janssens,56,Antwerpen,mid,"[""Investment Account"", ""Mortgage"", ""Pension Savings"", ""Car Insurance""]"
C0160,Julie Van Damme,29,Mechelen,mid,"[""Personal Loan"", ""Credit Card"", ""Home Insurance"", ""Investment Account""]"
C0161,Jonas Pauwels,37,Kortrijk,high,"[""Home Insurance"", ""Investment Account"", ""Personal Loan""]"
C0162,Amber Van Damme,34,Diest,mid,"[""Current Account"", ""Personal Loan"", ""Pension Savings""]"
C0163,Emma Vermeulen,38,Hasselt,mid,"[""Pension Savings"", ""Mortgage""]"
C0164,Julie Claes,62,Genk,low,"[""Car Insurance"", ""Home Insurance"", ""Current Account"", ""Pension Savings""]"
C0165,Stijn Michiels,70,Diest,mid,"[""Current Account"", ""Credit Card""]"
C0166,Marie Verhoeven,66,Gent,mid,"[""Pension Savings"", ""Savings Account"", ""Credit Card""]"
C0167,Nora Goossens,42,Leuven,high,"[""Personal Loan"", ""Home Insurance"", ""Credit Card"", ""Mortgage""]"
C0168,Olivia De Smet,49,Brugge,mid,"[""Investment Account"", ""Savings Account"", ""Pension Savings"", ""Mortgage""]"
C0169,Milan Hermans,57,Kortrijk,high,"[""Personal Loan"", ""Home Insurance"", ""Savings Account"", ""Mortgage""]"
C0170,Anke Pauwels,55,Brugge,low,"[""Pension Savings"", ""Current Account""]"
C0171,Olivia Verhoeven,57,Antwerpen,mid,"[""Car Insurance"", ""Mortgage"", ""Current Account""]"
C0172,Marie Van Damme,48,Diest,mid,"[""Current Account"", ""Mortgage"", ""Home Insurance""]"
C0173,Anke Willems,59,Kortrijk,low,"[""Mortgage"", ""Current Account"", ""Car Insurance""]"
C0174,Julie Jacobs,39,Leuven,low,"[""Investment Account"", ""Car Insurance"", ""Mortgage""]"
C0175,Marie Pauwels,30,Antwerpen,low,"[""Investment Account"", ""Current Account""]"
C0176,Marie Peeters,69,Kortrijk,low,"[""Credit Card"", ""Current Account"", ""Pension Savings"", ""Investment Account""]"
C0177,Noah Aerts,47,Antwerpen,low,"[""Car Insurance"", ""Mortgage"", ""Savings Account""]"
C0178,Olivia Jacobs,54,Sint-Truiden,low,"[""Current Account"", ""Investment Account"", ""Personal Loan""]"
C0179,Tom Wouters,29,Antwerpen,mid,"[""Mortgage"", ""Home Insurance""]"
C0180,Milan Pauwels,22,Genk,low,"[""Credit Card"", ""Savings Account"", ""Pension Savings"", ""Mortgage""]"
C0181,Milan Jacobs,69,Kortrijk,mid,"[""Car Insurance"", ""Pension Savings"", ""Investment Account"", ""Current Account""]"
C0182,Ruben Willems,39,Antwerpen,mid,"[""Credit Card"", ""Savings Account"", ""Home Insurance"", ""Personal Loan""]"
C0183,Julie Mertens,60,Gent,low,"[""Pension Savings"", ""Personal Loan""]"
C0184,Sien Peeters,54,Brugge,low,"[""Credit Card"", ""Savings Account"", ""Pension Savings"", ""Home Insurance""]"
C0185,Marie Pauwels,57,Kortrijk,high,"[""Mortgage"", ""Credit Card"", ""Personal Loan""]"
C0186,Milan Willems,50,Genk,mid,"[""Mortgage"", ""Savings Account"", ""Pension Savings"", ""Home Insurance""]"
C0187,Bram Claes,31,Brugge,low,"[""Car Insurance"", ""Mortgage"", ""Pension Savings""]"
C0188,Olivia Peeters,29,Diest,high,"[""Investment Account"", ""Current Account""]"
C0189,Lotte Peeters,67,Hasselt,mid,"[""Credit Card"", ""Home Insurance""]"
C0190,Anke De Clercq,53,Brugge,low,"[""Pension Savings"", ""Personal Loan"", ""Home Insurance""]"
C0191,Bram Peeters,66,Hasselt,mid,"[""Credit Card"", ""Personal Loan"", ""Savings Account""]"
C0192,Emma Michiels,42,Genk,high,"[""Credit Card"", ""Savings Account"", ""Pension Savings"", ""Car Insurance""]"
C0193,Liam Vermeulen,55,Gent,mid,"[""Car Insurance"", ""Home Insurance"", ""Investment Account"", ""Personal Loan""]"
C0194,Sien Peeters,44,Brugge,mid,"[""Investment Account"", ""Personal Loan""]"
C0195,Ruben Verhoeven,46,Gent,high,"[""Savings Account"", ""Investment Account""]"
C0196,Bram Verhoeven,59,Gent,low,"[""Pension Savings"", ""Car Insurance""]"
C0197,Bram De Clercq,69,Kortrijk,low,"[""Personal Loan"", ""Home Insurance"", ""Credit Card"", ""Car Insurance""]"
C0198,Milan Aerts,21,Leuven,mid,"[""Mortgage"", ""Personal Loan"", ""Credit Card"", ""Investment Account""]"
C0199,Anke Michiels,23,Kortrijk,low,"[""Personal Loan"", ""Credit Card"", ""Mortgage"", ""Home Insurance""]"
C0200,Tom Willems,63,Kortrijk,mid,"[""Home Insurance"", ""Car Insurance"", ""Pension Savings""]"
C0201,Fien Van Damme,55,Sint-Truiden,mid,"[""Car Insurance"", ""Current Account""]"
C0202,Arne Aerts,69,Genk,low,"[""Personal Loan"", ""Pension Savings"", ""Current Account""]"
C0203,Liam Maes,64,Leuven,mid,"[""Savings Account"", ""Home Insurance"", ""Personal Loan""]"
C0204,Wout Michiels,54,Antwerpen,low,"[""Personal Loan"", ""Mortgage"", ""Investment Account""]"
C0205,Julie Wouters,50,Diest,low,"[""Mortgage"", ""Current Account"", ""Investment Account""]"
C0206,Olivia Michiels,52,Mechelen,mid,"[""Current Account"", ""Credit Card"", ""Savings Account"", ""Car Insurance""]"
C0207,Elise De Clercq,32,Brugge,high,"[""Pension Savings"", ""Current Account""]"
C0208,Jonas De Clercq,58,Diest,low,"[""Mortgage"", ""Investment Account"", ""Savings Account""]"
C0209,Bram Mertens,52,Leuven,mid,"[""Investment Account"", ""Personal Loan""]"
C0210,Bram Janssens,49,Sint-Truiden,mid,"[""Home Insurance"", ""Credit Card"", ""Investment Account"", ""Savings Account""]"
C0211,Noah Vermeulen,36,Mechelen,low,"[""Investment Account"", ""Current Account""]"
C0212,Milan Janssens,60,Mechelen,low,"[""Savings Account"", ""Mortgage"", ""Car Insurance"", ""Home Insurance""]"
C0213,Liam Goossens,55,Gent,low,"[""Mortgage"", ""Savings Account"", ""Investment Account""]"
C0214,Jonas Maes,28,Antwerpen,high,"[""Mortgage"", ""Credit Card""]"
C0215,Liam Jacobs,42,Genk,high,"[""Credit Card"", ""Savings Account"", ""Pension Savings""]"
C0216,Femke Willems,48,Leuven,mid,"[""Credit Card"", ""Pension Savings"", ""Investment Account"", ""Car Insurance""]"
C0217,Bram Claes,50,Antwerpen,low,"[""Car Insurance"", ""Credit Card"", ""Personal Loan"", ""Current Account""]"
C0218,Arne Wouters,29,Genk,high,"[""Car Insurance"", ""Credit Card"", ""Investment Account"", ""Home Insurance""]"
C0219,Sien Pauwels,66,Genk,mid,"[""Mortgage"", ""Credit Card""]"
C0220,Femke Aerts,68,Sint-Truiden,mid,"[""Personal Loan"", ""Mortgage""]"
C0221,Liam Van Damme,59,Sint-Truiden,mid,"[""Pension Savings"", ""Savings Account"", ""Car Insurance"", ""Credit Card""]"
C0222,Bram Mertens,36,Sint-Truiden,mid,"[""Home Insurance"", ""Mortgage"", ""Car Insurance"", ""Personal Loan""]"
C0223,Bram Pauwels,49,Diest,mid,"[""Savings Account"", ""Mortgage""]"
C0224,Nora Hermans,27,Genk,mid,"[""Current Account"", ""Investment Account"", ""Mortgage"", ""Personal Loan""]"
C0225,Milan Jacobs,44,Genk,low,"[""Mortgage"", ""Current Account"", ""Car Insurance"", ""Investment Account""]"
C0226,Arne Maes,40,Diest,low,"[""Pension Savings"", ""Home Insurance"", ""Credit Card""]"
C0227,Wout Van Damme,46,Brugge,low,"[""Home Insurance"", ""Credit Card""]"
C0228,Tom Michiels,27,Gent,mid,"[""Mortgage"", ""Investment Account"", ""Pension Savings""]"
C0229,Noah Peeters,29,Leuven,high,"[""Car Insurance"", ""Savings Account"", ""Home Insurance"", ""Investment Account""]"
C0230,Julie Verhoeven,45,Brugge,mid,"[""Investment Account"", ""Pension Savings"", ""Credit Card""]"
C0231,Ruben Willems,54,Antwerpen,mid,"[""Mortgage"", ""Savings Account"", ""Pension Savings"", ""Home Insurance""]"
C0232,Liam Hermans,28,Leuven,low,"[""Personal Loan"", ""Mortgage""]"
C0233,Emma Wouters,36,Kortrijk,mid,"[""Savings Account"", ""Investment Account""]"
C0234,Lotte Willems,55,Antwerpen,low,"[""Personal Loan"", ""Savings Account"", ""Pension Savings"", ""Mortgage""]"
C0235,Amber Verhoeven,62,Kortrijk,mid,"[""Personal Loan"", ""Mortgage"", ""Current Account"", ""Investment Account""]"
C0236,Bram Aerts,54,Sint-Truiden,mid,"[""Home Insurance"", ""Personal Loan"", ""Savings Account""]"
C0237,Ruben Mertens,43,Sint-Truiden,mid,"[""Credit Card"", ""Personal Loan""]"
C0238,Emma Jacobs,54,Kortrijk,low,"[""Personal Loan"", ""Current Account""]"
C0239,Sien Michiels,28,Sint-Truiden,high,"[""Savings Account"", ""Car Insurance"", ""Home Insurance"", ""Pension Savings""]"
C0240,Emma Vermeulen,68,Mechelen,high,"[""Current Account"", ""Credit Card"", ""Mortgage""]"
C0241,Jonas Goossens,66,Genk,low,"[""Mortgage"", ""Investment Account""]"
C0242,Liam Willems,44,Sint-Truiden,high,"[""Pension Savings"", ""Credit Card"", ""Investment Account""]"
C0243,Ruben Claes,38,Hasselt,mid,"[""Home Insurance"", ""Credit Card"", ""Pension Savings""]"
C0244,Tom Aerts,25,Diest,mid,"[""Current Account"", ""Mortgage""]"
C0245,Jonas Van Damme,53,Sint-Truiden,low,"[""Personal Loan"", ""Car Insurance"", ""Home Insurance"", ""Savings Account""]"
C0246,Lars De Clercq,63,Hasselt,low,"[""Credit Card"", ""Personal Loan"", ""Home Insurance"", ""Car Insurance""]"
C0247,Arne Michiels,60,Kortrijk,mid,"[""Savings Account"", ""Credit Card""]"
C0248,Wout Claes,51,Leuven,low,"[""Credit Card"", ""Car Insurance""]"
C0249,Fien Aerts,44,Leuven,high,"[""Car Insurance"", ""Investment Account""]"
C0250,Sien Wouters,67,Leuven,low,"[""Savings Account"", ""Car Insurance"", ""Pension Savings"", ""Current Account""]"
C0251,Sien Willems,31,Antwerpen,low,"[""Mortgage"", ""Home Insurance""]"
C0252,Wout Verhoeven,49,Gent,high,"[""Pension Savings"", ""Car Insurance""]"
C0253,Marie Wouters,27,Brugge,mid,"[""Pension Savings"", ""Car Insurance"", ""Credit Card"", ""Personal Loan""]"
C0254,Lotte Vermeulen,58,Genk,high,"[""Personal Loan"", ""Mortgage"", ""Current Account""]"
C0255,Arne Vermeulen,38,Genk,mid,"[""Credit Card"", ""Mortgage"", ""Investment Account"", ""Current Account""]"
C0256,Marie Jacobs,58,Leuven,low,"[""Savings Account"", ""Mortgage"", ""Pension Savings""]"
C0257,Femke Van Damme,50,Leuven,high,"[""Current Account"", ""Pension Savings"", ""Mortgage"", ""Investment Account""]"
C0258,Fien Peeters,52,Antwerpen,mid,"[""Credit Card"", ""Savings Account"", ""Pension Savings""]"
C0259,Lotte Peeters,60,Hasselt,mid,"[""Credit Card"", ""Current Account""]"
C0260,Arne De Clercq,28,Antwerpen,low,"[""Home Insurance"", ""Car Insurance"", ""Credit Card"", ""Savings Account""]"
C0261,Lotte Jacobs,34,Antwerpen,low,"[""Current Account"", ""Savings Account""]"
C0262,Liam Peeters,42,Sint-Truiden,low,"[""Savings Account"", ""Pension Savings"", ""Credit Card""]"
C0263,Tom Claes,58,Hasselt,high,"[""Pension Savings"", ""Savings Account""]"
C0264,Julie Vermeulen,25,Kortrijk,mid,"[""Car Insurance"", ""Home Insurance""]"
C0265,Bram Claes,69,Sint-Truiden,high,"[""Home Insurance"", ""Investment Account"", ""Car Insurance""]"
C0266,Liam Peeters,48,Diest,low,"[""Home Insurance"", ""Credit Card""]"
C0267,Amber Vermeulen,34,Mechelen,low,"[""Car Insurance"", ""Current Account"", ""Credit Card"", ""Home Insurance""]"
C0268,Fien Aerts,54,Mechelen,mid,"[""Pension Savings"", ""Mortgage""]"
C0269,Arne Mertens,48,Hasselt,low,"[""Current Account"", ""Savings Account"", ""Credit Card"", ""Car Insurance""]"
C0270,Jonas Hermans,65,Brugge,high,"[""Savings Account"", ""Home Insurance"", ""Investment Account"", ""Current Account""]"
C0271,Dries Pauwels,49,Gent,low,"[""Car Insurance"", ""Pension Savings"", ""Savings Account""]"
C0272,Femke Jacobs,29,Sint-Truiden,mid,"[""Credit Card"", ""Investment Account""]"
C0273,Wout Vermeulen,57,Brugge,mid,"[""Credit Card"", ""Current Account"", ""Car Insurance""]"
C0274,Femke Van Damme,32,Antwerpen,high,"[""Personal Loan"", ""Credit Card"", ""Car Insurance""]"
C0275,Noah Van Damme,48,Mechelen,mid,"[""Savings Account"", ""Credit Card"", ""Personal Loan"", ""Current Account""]"
C0276,Jonas Claes,25,Brugge,mid,"[""Savings Account"", ""Pension Savings"", ""Current Account""]"
C0277,Femke Pauwels,49,Antwerpen,low,"[""Pension Savings"", ""Home Insurance"", ""Current Account"", ""Investment Account""]"
C0278,Arne Jacobs,68,Genk,mid,"[""Investment Account"", ""Car Insurance"", ""Home Insurance""]"
C0279,Marie De Smet,59,Diest,high,"[""Investment Account"", ""Credit Card"", ""Savings Account""]"
C0280,Marie Goossens,62,Sint-Truiden,high,"[""Investment Account"", ""Credit Card"", ""Mortgage"", ""Car Insurance""]"
C0281,Lotte Claes,49,Mechelen,mid,"[""Home Insurance"", ""Savings Account"", ""Mortgage""]"
C0282,Sien Wouters,70,Sint-Truiden,high,"[""Current Account"", ""Home Insurance""]"
C0283,Arne Van Damme,23,Gent,low,"[""Savings Account"", ""Current Account"", ""Investment Account""]"
C0284,Liam Aerts,47,Antwerpen,low,"[""Current Account"", ""Personal Loan""]"
C0285,Liam Peeters,61,Antwerpen,low,"[""Pension Savings"", ""Current Account"", ""Car Insurance""]"
C0286,Fien Vermeulen,35,Diest,high,"[""Credit Card"", ""Personal Loan""]"
C0287,Wout Janssens,61,Antwerpen,low,"[""Personal Loan"", ""Investment Account"", ""Car Insurance"", ""Mortgage""]"
C0288,Femke Michiels,69,Kortrijk,mid,"[""Home Insurance"", ""Pension Savings""]"
C0289,Lotte Maes,22,Sint-Truiden,high,"[""Personal Loan"", ""Car Insurance""]"
C0290,Liam Michiels,53,Sint-Truiden,low,"[""Home Insurance"", ""Savings Account"", ""Car Insurance"", ""Personal Loan""]"
C0291,Anke Pauwels,27,Sint-Truiden,mid,"[""Pension Savings"", ""Car Insurance""]"
C0292,Dries Maes,63,Gent,mid,"[""Investment Account"", ""Personal Loan"", ""Mortgage""]"
C0293,Anke Vermeulen,45,Leuven,high,"[""Personal Loan"", ""Home Insurance""]"
C0294,Marie Vermeulen,24,Genk,mid,"[""Current Account"", ""Credit Card"", ""Investment Account"", ""Car Insurance""]"
C0295,Wout Willems,70,Brugge,mid,"[""Current Account"", ""Mortgage""]"
C0296,Lars Maes,40,Leuven,mid,"[""Pension Savings"", ""Personal Loan"", ""Mortgage"", ""Credit Card""]"
C0297,Tom Willems,49,Mechelen,low,"[""Savings Account"", ""Current Account""]"
C0298,Julie Hermans,69,Hasselt,low,"[""Car Insurance"", ""Home Insurance""]"
C0299,Liam Jacobs,51,Brugge,high,"[""Home Insurance"", ""Car Insurance""]"
C0300,Sien Claes,42,Leuven,mid,"[""Personal Loan"", ""Pension Savings"", ""Mortgage"", ""Savings Account""]"
C0301,Bram Vermeulen,22,Sint-Truiden,mid,"[""Investment Account"", ""Personal Loan"", ""Current Account""]"
C0302,Femke Hermans,49,Sint-Truiden,high,"[""Savings Account"", ""Mortgage"", ""Car Insurance""]"
C0303,Fien Aerts,70,Sint-Truiden,mid,"[""Mortgage"", ""Home Insurance"", ""Pension Savings"", ""Current Account""]"
C0304,Bram Peeters,29,Gent,low,"[""Home Insurance"", ""Savings Account"", ""Investment Account"", ""Personal Loan""]"
C0305,Jonas Willems,49,Diest,low,"[""Current Account"", ""Pension Savings""]"
C0306,Elise Hermans,54,Brugge,mid,"[""Personal Loan"", ""Current Account""]"
C0307,Jonas Maes,27,Diest,low,"[""Home Insurance"", ""Mortgage""]"
C0308,Sien Van Damme,29,Diest,low,"[""Pension Savings"", ""Savings Account"", ""Personal Loan"", ""Credit Card""]"
C0309,Jonas Van Damme,33,Mechelen,mid,"[""Pension Savings"", ""Mortgage"", ""Personal Loan"", ""Credit Card""]"
C0310,Noah Aerts,70,Hasselt,low,"[""Personal Loan"", ""Car Insurance"", ""Credit Card""]"
C0311,Lars Goossens,33,Gent,mid,"[""Current Account"", ""Investment Account"", ""Car Insurance""]"
C0312,Lotte Vermeulen,30,Mechelen,mid,"[""Credit Card"", ""Car Insurance"", ""Pension Savings"", ""Personal Loan""]"
C0313,Elise Michiels,61,Diest,high,"[""Car Insurance"", ""Savings Account""]"
C0314,Stijn Verhoeven,54,Leuven,low,"[""Credit Card"", ""Personal Loan"", ""Current Account""]"
C0315,Noah Peeters,57,Leuven,low,"[""Home Insurance"", ""Personal Loan"", ""Car Insurance"", ""Mortgage""]"
C0316,Femke Goossens,36,Leuven,mid,"[""Credit Card"", ""Investment Account"", ""Pension Savings""]"
C0317,Olivia Hermans,34,Brugge,low,"[""Savings Account"", ""Car Insurance""]"
C0318,Sien De Smet,39,Gent,low,"[""Current Account"", ""Personal Loan"", ""Home Insurance"", ""Investment Account""]"
C0319,Lotte Michiels,58,Mechelen,high,"[""Pension Savings"", ""Credit Card""]"
C0320,Noah Mertens,63,Sint-Truiden,mid,"[""Car Insurance"", ""Home Insurance"", ""Current Account""]"
C0321,Marie Wouters,34,Mechelen,high,"[""Home Insurance"", ""Personal Loan"", ""Investment Account""]"
C0322,Noah Goossens,29,Brugge,mid,"[""Current Account"", ""Credit Card""]"
C0323,Stijn Michiels,30,Sint-Truiden,mid,"[""Investment Account"", ""Credit Card"", ""Pension Savings"", ""Savings Account""]"
C0324,Nora Verhoeven,49,Kortrijk,mid,"[""Investment Account"", ""Personal Loan""]"
C0325,Anke Jacobs,69,Sint-Truiden,low,"[""Savings Account"", ""Credit Card"", ""Investment Account""]"
C0326,Liam Maes,61,Genk,mid,"[""Pension Savings"", ""Home Insurance""]"
C0327,Ruben Vermeulen,36,Mechelen,mid,"[""Credit Card"", ""Investment Account"", ""Personal Loan"", ""Mortgage""]"
C0328,Sien Mertens,49,Kortrijk,low,"[""Pension Savings"", ""Mortgage"", ""Credit Card"", ""Savings Account""]"
C0329,Lotte Van Damme,54,Mechelen,low,"[""Current Account"", ""Mortgage""]"
C0330,Femke Peeters,30,Sint-Truiden,low,"[""Investment Account"", ""Savings Account""]"
C0331,Julie Willems,29,Kortrijk,low,"[""Personal Loan"", ""Savings Account""]"
C0332,Sien Vermeulen,37,Leuven,mid,"[""Current Account"", ""Car Insurance"", ""Savings Account""]"
C0333,Liam De Clercq,59,Kortrijk,mid,"[""Mortgage"", ""Home Insurance"", ""Savings Account""]"
C0334,Femke Mertens,42,Kortrijk,high,"[""Current Account"", ""Pension Savings"", ""Personal Loan"", ""Credit Card""]"
C0335,Noah Verhoeven,64,Leuven,low,"[""Credit Card"", ""Car Insurance""]"
C0336,Bram Claes,67,Brugge,mid,"[""Current Account"", ""Mortgage"", ""Savings Account""]"
C0337,Sien De Clercq,23,Genk,low,"[""Pension Savings"", ""Home Insurance"", ""Credit Card""]"
C0338,Milan Goossens,69,Diest,mid,"[""Pension Savings"", ""Investment Account"", ""Mortgage"", ""Savings Account""]"
C0339,Anke Jacobs,58,Mechelen,high,"[""Car Insurance"", ""Savings Account"", ""Credit Card"", ""Home Insurance""]"
C0340,Olivia Willems,40,Sint-Truiden,high,"[""Savings Account"", ""Car Insurance"", ""Pension Savings""]"
C0341,Anke Willems,33,Sint-Truiden,low,"[""Pension Savings"", ""Investment Account"", ""Mortgage"", ""Home Insurance""]"
C0342,Anke Mertens,21,Leuven,high,"[""Investment Account"", ""Mortgage""]"
C0343,Arne Wouters,51,Kortrijk,mid,"[""Pension Savings"", ""Investment Account"", ""Home Insurance"", ""Savings Account""]"
C0344,Sien Janssens,35,Antwerpen,mid,"[""Investment Account"", ""Savings Account""]"
C0345,Tom Jacobs,54,Genk,mid,"[""Home Insurance"", ""Current Account""]"
C0346,Liam Van Damme,42,Genk,high,"[""Current Account"", ""Car Insurance""]"
C0347,Emma De Clercq,52,Diest,high,"[""Mortgage"", ""Current Account"", ""Savings Account"", ""Investment Account""]"
C0348,Marie Claes,69,Leuven,mid,"[""Car Insurance"", ""Investment Account"", ""Mortgage""]"
C0349,Milan Aerts,34,Hasselt,high,"[""Personal Loan"", ""Pension Savings""]"
C0350,Liam Pauwels,67,Antwerpen,mid,"[""Home Insurance"", ""Savings Account"", ""Mortgage"", ""Investment Account""]"
C0351,Olivia Vermeulen,24,Leuven,high,"[""Credit Card"", ""Pension Savings"", ""Personal Loan""]"
C0352,Emma Vermeulen,40,Leuven,mid,"[""Home Insurance"", ""Pension Savings""]"
C0353,Stijn De Smet,24,Leuven,mid,"[""Investment Account"", ""Savings Account"", ""Personal Loan"", ""Credit Card""]"
C0354,Anke Goossens,35,Sint-Truiden,low,"[""Personal Loan"", ""Savings Account"", ""Current Account"", ""Pension Savings""]"
C0355,Olivia De Clercq,53,Gent,low,"[""Pension Savings"", ""Mortgage"", ""Savings Account""]"
C0356,Noah Claes,32,Leuven,mid,"[""Mortgage"", ""Savings Account"", ""Pension Savings"", ""Personal Loan""]"
C0357,Stijn Peeters,30,Leuven,mid,"[""Investment Account"", ""Personal Loan"", ""Savings Account""]"
C0358,Amber Hermans,53,Hasselt,high,"[""Pension Savings"", ""Mortgage""]"
C0359,Femke Verhoeven,66,Mechelen,high,"[""Home Insurance"", ""Car Insurance"", ""Credit Card"", ""Mortgage""]"
C0360,Arne Hermans,70,Antwerpen,mid,"[""Car Insurance"", ""Pension Savings""]"
C0361,Emma Hermans,30,Hasselt,mid,"[""Current Account"", ""Car Insurance"", ""Savings Account""]"
C0362,Emma Mertens,52,Diest,mid,"[""Savings Account"", ""Home Insurance"", ""Current Account""]"
C0363,Olivia Pauwels,49,Genk,mid,"[""Savings Account"", ""Personal Loan""]"
C0364,Stijn Peeters,38,Kortrijk,low,"[""Personal Loan"", ""Pension Savings"", ""Credit Card"", ""Current Account""]"
C0365,Tom Janssens,24,Leuven,mid,"[""Car Insurance"", ""Pension Savings"", ""Current Account""]"
C0366,Anke Hermans,47,Mechelen,low,"[""Car Insurance"", ""Pension Savings"", ""Investment Account""]"
C0367,Bram De Smet,58,Leuven,low,"[""Current Account"", ""Investment Account"", ""Personal Loan"", ""Savings Account""]"
C0368,Lars Aerts,44,Brugge,high,"[""Personal Loan"", ""Mortgage"", ""Credit Card""]"
C0369,Jonas Wouters,44,Diest,mid,"[""Credit Card"", ""Personal Loan"", ""Savings Account"", ""Current Account""]"
C0370,Wout Hermans,51,Antwerpen,mid,"[""Credit Card"", ""Personal Loan""]"
C0371,Arne Janssens,55,Diest,mid,"[""Personal Loan"", ""Savings Account""]"
C0372,Anke Janssens,31,Antwerpen,mid,"[""Savings Account"", ""Mortgage""]"
C0373,Lars Goossens,24,Gent,mid,"[""Personal Loan"", ""Mortgage""]"
C0374,Anke Jacobs,23,Kortrijk,low,"[""Personal Loan"", ""Mortgage"", ""Current Account""]"
C0375,Marie Van Damme,42,Genk,low,"[""Investment Account"", ""Personal Loan"", ""Pension Savings""]"
C0376,Liam Janssens,66,Diest,low,"[""Investment Account"", ""Savings Account""]"
C0377,Lotte Janssens,67,Diest,low,"[""Savings Account"", ""Mortgage""]"
C0378,Anke Peeters,41,Leuven,mid,"[""Credit Card"", ""Home Insurance""]"
C0379,Nora Pauwels,60,Leuven,mid,"[""Personal Loan"", ""Credit Card""]"
C0380,Nora Hermans,34,Kortrijk,mid,"[""Savings Account"", ""Personal Loan""]"
C0381,Sien Goossens,47,Antwerpen,low,"[""Investment Account"", ""Car Insurance"", ""Home Insurance"", ""Savings Account""]"
C0382,Dries Mertens,21,Diest,high,"[""Car Insurance"", ""Personal Loan"", ""Credit Card""]"
C0383,Tom Maes,48,Kortrijk,low,"[""Pension Savings"", ""Home Insurance"", ""Car Insurance"", ""Credit Card""]"
C0384,Bram Wouters,51,Leuven,mid,"[""Mortgage"", ""Pension Savings"", ""Investment Account""]"
C0385,Arne Jacobs,60,Antwerpen,mid,"[""Car Insurance"", ""Mortgage""]"
C0386,Noah Verhoeven,38,Mechelen,high,"[""Home Insurance"", ""Car Insurance"", ""Credit Card"", ""Personal Loan""]"
C0387,Olivia Michiels,46,Brugge,mid,"[""Credit Card"", ""Personal Loan""]"
C0388,Elise Wouters,22,Brugge,low,"[""Mortgage"", ""Personal Loan"", ""Savings Account""]"
C0389,Olivia Janssens,66,Kortrijk,high,"[""Mortgage"", ""Pension Savings"", ""Current Account""]"
C0390,Sien Goossens,33,Sint-Truiden,low,"[""Credit Card"", ""Personal Loan"", ""Home Insurance"", ""Investment Account""]"
C0391,Stijn Goossens,22,Sint-Truiden,mid,"[""Mortgage"", ""Personal Loan""]"
C0392,Bram Michiels,61,Hasselt,mid,"[""Pension Savings"", ""Savings Account"", ""Investment Account"", ""Home Insurance""]"
C0393,Femke Goossens,48,Leuven,mid,"[""Credit Card"", ""Investment Account"", ""Home Insurance"", ""Savings Account""]"
C0394,Bram Michiels,38,Genk,mid,"[""Personal Loan"", ""Savings Account"", ""Home Insurance""]"
C0395,Noah Hermans,25,Hasselt,low,"[""Personal Loan"", ""Current Account"", ""Investment Account"", ""Pension Savings""]"
C0396,Olivia Janssens,68,Gent,mid,"[""Current Account"", ""Car Insurance"", ""Home Insurance"", ""Credit Card""]"
C0397,Sien Verhoeven,24,Diest,mid,"[""Mortgage"", ""Credit Card""]"
C0398,Wout Claes,32,Leuven,mid,"[""Pension Savings"", ""Credit Card"", ""Mortgage"", ""Investment Account""]"
C0399,Wout Willems,62,Genk,mid,"[""Pension Savings"", ""Current Account"", ""Mortgage"", ""Home Insurance""]"
C0400,Elise De Smet,67,Hasselt,mid,"[""Personal Loan"", ""Pension Savings"", ""Mortgage"", ""Home Insurance""]"
