customer_id,timestamp,text
C0001,2026-09-15 19:00,How do I change my domicile / address with KBC?
C0005,2026-09-15 17:00,Can you check how much pension I'll get if I retire at 65?
C0014,2026-09-17 15:00,What's the best account setup for a freelancer?
C0015,2026-09-12 19:00,Can you check how much pension I'll get if I retire at 65?
C0017,2026-09-10 20:00,Can you help me update my address with the bank?
C0018,2026-09-17 21:00,"I started a new job, do I need to update anything?"
C0046,2026-09-16 18:00,What's the best account setup for a freelancer?
C0049,2026-09-13 20:00,Can you help me update my address with the bank?
C0051,2026-09-09 12:00,Can you check how much pension I'll get if I retire at 65?
C0054,2026-09-18 20:00,What's the best account setup for a freelancer?
C0059,2026-09-13 16:00,"I started a new job, do I need to update anything?"
C0073,2026-09-15 13:00,Can you help me update my address with the bank?
C0081,2026-09-16 08:00,"I started a new job, do I need to update anything?"
C0083,2026-09-11 08:00,Can you help me update my address with the bank?
C0103,2026-09-13 14:00,Can you check how much pension I'll get if I retire at 65?
C0112,2026-09-14 16:00,Can you check how much pension I'll get if I retire at 65?
C0113,2026-09-10 08:00,Can you help me update my address with the bank?
C0114,2026-09-18 21:00,What benefits am I entitled to after having a baby?
C0116,2026-09-15 17:00,"I started a new job, do I need to update anything?"
C0121,2026-09-17 14:00,What benefits am I entitled to after having a baby?
C0127,2026-09-14 20:00,What benefits am I entitled to after having a baby?
C0137,2026-09-11 16:00,Can you check how much pension I'll get if I retire at 65?
C0142,2026-09-15 11:00,Can you check how much pension I'll get if I retire at 65?
C0144,2026-09-13 12:00,Can you help me update my address with the bank?
C0174,2026-09-17 20:00,What's the best account setup for a freelancer?
C0176,2026-09-12 21:00,"I started a new job, do I need to update anything?"
C0178,2026-09-14 13:00,"I started a new job, do I need to update anything?"
C0185,2026-09-16 12:00,Can you help me update my address with the bank?
C0196,2026-09-12 09:00,Can you check how much pension I'll get if I retire at 65?
C0216,2026-09-13 20:00,"I started a new job, do I need to update anything?"
C0218,2026-09-14 13:00,Can you check how much pension I'll get if I retire at 65?
C0231,2026-09-09 21:00,Can you check how much pension I'll get if I retire at 65?
C0260,2026-09-14 08:00,Can you help me update my address with the bank?
C0281,2026-09-11 11:00,Can you check how much pension I'll get if I retire at 65?
C0289,2026-09-10 11:00,Can you check how much pension I'll get if I retire at 65?
C0303,2026-09-18 13:00,"I started a new job, do I need to update anything?"
C0304,2026-09-19 11:00,What's the best account setup for a freelancer?
C0310,2026-09-14 14:00,Can you help me update my address with the bank?
C0311,2026-09-14 12:00,"I started a new job, do I need to update anything?"
C0329,2026-09-11 16:00,Can you help me update my address with the bank?
C0334,2026-09-17 14:00,What's the best account setup for a freelancer?
C0348,2026-09-14 17:00,"I started a new job, do I need to update anything?"
C0359,2026-09-16 15:00,What benefits am I entitled to after having a baby?
C0361,2026-09-08 20:00,Can you check how much pension I'll get if I retire at 65?
C0368,2026-09-19 13:00,What's the best account setup for a freelancer?
C0379,2026-09-18 11:00,What benefits am I entitled to after having a baby?
C0381,2026-09-15 18:00,Can you check how much pension I'll get if I retire at 65?
C0390,2026-09-15 12:00,What benefits am I entitled to after having a baby?
C0392,2026-09-19 20:00,"I started a new job, do I need to update anything?"
